target,0,1
0,0.8298411181459802,0.5396084863058861
0,0.8857245251463385,0.523711899999446
0,0.784541870744236,0.32448650535519363
0,0.7435909688209293,0.27510679912898456
0,0.8387528371759646,0.33718604380565054
1,0.8229124357902281,0.8072850580954016
0,0.8946601361844463,0.5212684024180099
0,0.8450603273205113,0.6228480875891379
0,0.8152431011826544,0.5785991722028602
0,0.8795603870505315,0.528404966782839
0,0.5852825229960577,0.3570775547293591
0,0.701063194361486,0.8192033422171001
1,0.860924620714371,0.3514591725353089
1,0.8877792378449408,0.33612774893477904
0,0.9375223987576156,0.44717667983532705
0,0.916688567674113,0.584960023049773
0,0.7436148608290527,0.39693814792856785
0,0.9154461832517022,0.6449836269039612
0,0.8471389320272369,0.39830672820660573
0,0.7886035121251941,0.3974091168501598
0,0.6681638991757257,0.5497038436604812
0,0.9182176561940031,0.3848591802924439
0,0.9168797037390992,0.4232847034835078
0,0.7215386453231394,0.5665756126751589
0,0.71492055907299,0.2519406689975011
0,0.8026520129016843,0.3125072723142305
0,0.8945884601600764,0.6610131926706153
0,0.5318361008242742,0.21816388610309234
0,0.6881854019830367,0.7730483879010855
0,0.8002867040974794,0.6216014051496295
0,0.33955321944809447,0.42167232752841055
0,0.7572333054593238,0.24718665329484318
0,0.45318361008242736,0.8205165143867152
0,0.9523354437940509,0.9297923858177406
0,0.7980886393501374,0.26587580826578155
1,0.9148727750567435,0.3236720061613817
0,0.7560148130450364,0.22640861263637324
0,0.9150400191136064,0.45101646174901233
0,0.8021024967148489,0.5896752530765351
1,0.8665392426233425,0.8778251209281966
0,0.5238561701110978,0.468852331850243
0,0.8274519173336519,0.5285434870538954
0,0.7019471986620475,0.2672056028679237
1,0.804396129494684,0.34020024490383916
0,0.4165571616294349,0.7984585464236836
0,0.6949946242981722,0.6232913524565185
0,0.8107036196392307,0.540744352528549
0,0.8080516067375463,0.6750757705882678
0,0.763493011587624,0.7841521728289718
0,0.9212041572094134,0.7773480571146781
0,0.9047186716043483,0.5119432177704886
0,0.8911002269740771,0.43453809030413515
0,0.287205829649982,0.1658752541846974
0,0.9160912674710309,0.5121759318258634
0,0.8947318122088161,0.3680317377645045
0,0.7635646876119937,0.4226142653715945
0,0.9299964161987815,0.4067675463627347
0,0.8617130569824394,0.37331213049717693
0,0.7688687134153624,0.1634871647116839
0,0.7586190419304741,0.41692939344743707
0,0.8016007645442599,0.6392655101147502
0,0.8710070481423964,0.29966367278187495
0,0.9096882092939911,0.45117160445259563
0,0.8824752120415721,0.31223023177211756
0,0.9402460876836698,0.4397796973609118
0,0.7057221359455261,0.7664049557012174
0,0.7127702783418945,0.27311210722577145
0,0.9087325289690599,0.4288088918932397
0,0.5471508780312984,0.4795571783974867
0,0.8818301278222435,0.40129876606142545
0,0.918289332218373,0.3927271316884513
0,0.6517500895950303,0.5065076823342327
0,0.8382511050053757,0.5323500241025272
0,0.7111456217895114,0.5518813823214889
0,0.8285270576991995,0.5122424215559706
0,0.7991398877075617,0.5103419234370757
0,0.8237486560745431,0.8991517018600501
0,0.5249313104766455,0.7836978263399066
0,0.9112650818301278,0.3322103956693022
0,0.8545215625373312,0.4457693138813934
0,0.6719388364592043,0.3572881055413649
1,0.8878986978855572,0.3405493159869015
0,0.6947318122088161,0.3776782894408768
0,0.8237964400907896,0.7337640390294716
0,0.6922709353721179,0.7448512015248311
0,0.7328156731573288,0.22243585126247378
0,0.5082546888065941,0.7745000803417573
0,0.8037032612591088,0.4527562763534816
0,0.4467088758810177,0.44949273876739126
0,0.5008720582964997,0.4286149635137606
0,0.8152908851989009,0.3253120861706902
0,0.7886035121251941,0.3974091168501598
0,0.7865726914347151,0.33304151729564113
0,0.9165452156253733,0.46803783265643095
0,0.7962967387408911,0.5126524415582977
0,0.8583681758451798,0.528770660298428
0,0.8720582964998208,0.3900564608624826
0,0.3892963803607692,0.29663839006200166
0,0.8778401624656552,0.3781880440383646
0,0.8884243220642695,0.4123914693676273
0,0.8862262573169275,0.5665312861884207
0,0.7881973479870983,0.5729475451437563
0,0.8287659777804324,0.5894702430753717
0,0.5054593238561701,0.4762493143246582
0,0.9137020666587026,0.3953645576493664
0,0.13522876597778033,0.007075615445564315
0,0.8271174292199259,0.5072944774738335
0,0.8715565643292318,0.4345103862499238
0,0.8674232469239039,0.31624177882191273
0,0.5390514872775056,0.22448041046326722
0,0.8765977780432446,0.6123039245563195
0,0.8556205949110023,0.28483092215714845
0,0.6969776609724047,0.2846536162101962
0,0.8274041333174053,0.31273444555876306
0,0.8247282284075976,0.5169576515827327
0,0.8458726555967029,0.48515893815901023
0,0.774053279178115,0.483119919769059
0,0.8245370923426114,0.47426570404312973
0,0.7427308565284911,0.47678123216551505
0,0.816819973718791,0.3954144249469467
0,0.8930115876239397,0.34023903057973504
0,0.8443913510930593,0.549138680954571
0,0.9151594791542229,0.321001335335413
0,0.7416557161629435,0.3336122208123937
0,0.851630629554414,0.4168296588522765
0,0.8611635407956039,0.3931094476365672
0,0.5923067733843028,0.7417538882640085
1,0.9151355871460995,0.4791526992060018
0,0.6310357185521442,0.2895184481296993
1,0.8526579859037151,0.34049944868932114
0,0.32423844224107023,0.2637536777131965
0,0.850531597180743,0.3407321627446961
0,0.8404491697527177,0.16953773015143037
0,0.7923067733843029,0.7461366696402353
0,0.9396487874805877,0.3485391652214386
0,0.8074781985425874,0.33409427135567016
0,0.8349778998924859,0.5063580804414918
0,0.7592641261498029,0.4237833764593111
0,0.8540198303667423,0.37884740052859334
0,0.8717238083860948,0.6783891754719387
0,0.9622984111814598,0.345934984125577
0,0.9163540795603871,0.5833365654729914
0,0.6651773981603153,0.45661268069969363
0,0.8054234858439852,0.2600413344488832
0,0.7889141082307968,0.3591221139301526
0,0.7827021861187433,0.34198438599504655
0,0.8671126508183012,0.5336576554613002
0,0.8826902401146817,0.589669712265693
0,0.8312746386333771,0.5616165869713373
0,0.7513080874447498,0.3235667307553788
0,0.6660375104527535,0.6587747050903429
0,0.8016246565523832,0.41002000232714053
0,0.23638752837175958,0.2507715579097845
0,0.8985545335085414,0.377340299979499
0,0.8851272249432565,0.4401398500656586
0,0.7192450125433042,0.3557366785055325
0,0.2459204396129493,0.5878966527961701
0,0.7659299964161987,0.2644019525817408
0,0.8614024608768367,0.32376065913485774
0,0.6619997610799186,0.6978374215282664
0,0.8637677696810416,0.2676488677353044
0,0.32419065822482374,0.2507992619639958
0,0.6157926173694899,0.30913291851129493
0,0.8815673157328873,0.5855916754857905
0,0.7414645800979571,0.32430365859739907
0,0.7979930713176442,0.41178752098582105
0,0.8077649026400668,0.5176779569922263
0,0.9086369609365667,0.922134985233739
0,0.9131047664556206,0.5187584151064667
0,0.879847091148011,0.5066683658486584
0,0.8023414167960816,0.397348167930895
0,0.770350017919006,0.5554829093689571
0,0.9150639111217298,0.3235611899445364
0,0.8355035240711981,0.2766637669756592
0,0.4720344044916974,0.36843621695598927
0,0.7954366264484529,0.4722710121399165
0,0.8404491697527177,0.4788756586638889
0,0.9020905507107873,0.6346167698180952
0,0.7544857245251463,0.33480903595432154
0,0.8081710667781626,0.6275577768050576
0,0.7471508780312985,0.6742723530161403
0,0.0,0.7705051557244887
0,0.9304264723450005,0.36792646235850157
0,0.8274041333174053,0.31273444555876306
0,0.783944570541154,0.3124186193407543
0,0.7409150639111217,0.7835759285013768
0,0.7939553219448094,0.592988657960206
0,0.8334010273563492,0.35373090498063486
0,0.7555130808744475,0.8135129294821005
0,0.8105841595986143,0.5633730240083333
0,0.8114203798829291,0.95471495298622
0,0.8892605423485843,0.6123260877996887
0,0.7744833353243339,0.4501188503925665
0,0.8909090909090909,0.5237063591886038
0,0.8972882570780074,0.4704425445619712
0,0.9339624895472465,0.610558569141008
0,0.20224584876358842,0.2010372397896708
0,0.7797395771114561,0.5200217199785017
0,0.8254927726675427,0.3415134170734545
0,0.8505077051726198,0.5351038070911297
0,0.8200931788316808,0.2846203713451427
0,0.8605662405925217,0.6554613002066723
0,0.7580456337355155,0.4565683542129555
0,0.7509258153147771,0.33202754891150765
0,0.9420618803010393,0.5067348555787654
0,0.8366025564448691,0.13557810049922708
0,0.7190538764783179,0.7173521573147014
0,0.8415004181101421,0.48717579330559235
0,0.7667184326842671,0.34085406058322576
0,0.7804563373551546,0.5274741105613395
0,0.8937761318838848,0.8999662010538623
0,0.8501971090670171,0.5009945755461854
0,0.9027356349301159,0.5338626654624639
0,0.363086847449528,0.44424005008892997
0,0.35407956038705046,0.23291906537602713
0,0.8634571735754389,0.6900027149973128
0,0.765786644367459,0.36803727857534674
0,0.842671126508183,0.25186309764570947
0,0.9015888185401982,0.813352245967675
0,0.9063672201648548,0.5951052477019487
0,0.8669454067614383,0.674349924367932
0,0.9008481662883765,0.3060577684938414
0,0.5194600406164137,0.523434859457333
0,0.8906462788197348,0.5211686678228492
0,0.6680683311432325,0.21294998310052693
0,0.6210727511647354,0.23699156134508725
0,0.8607334846493847,0.47884795460967755
0,0.9067494922948274,0.5176502529380149
0,0.6029865010154103,0.4385330149214035
0,0.7978258272607812,0.34863335900575687
0,0.849098076693346,0.5400240471190554
0,0.9199617727870028,0.4508779414779559
0,0.7948871102616175,0.6452218817701783
0,0.6406164138095807,0.7577668315981361
0,0.8958547365906104,0.5426947179450241
0,0.7471508780312985,0.6565694623751239
0,0.769585473659061,0.49073853467716466
0,0.859992832397563,0.39884972766914706
0,0.8215028073109545,0.2461172768022873
0,0.8141918528252299,0.4164307204716339
0,0.8350017919006092,0.4002349303797118
0,0.8218372954246804,0.4903673003507333
0,0.8214311312865846,0.4859789781636644
0,0.2647951260303427,0.5239612364873476
0,0.9178831680802771,0.6907895101369135
0,0.799498267829411,0.4497697793095041
0,0.9031656910763349,0.28263122025277176
0,0.7986142635288496,0.4968888347120718
0,0.7939314299366861,0.650291723690845
0,0.5639469597419662,0.4091223909706947
0,0.7716401863576633,0.4695504740163675
0,0.6622625731692748,0.3901395730251165
0,0.833209891291363,0.35140376442688626
0,0.7917572571974674,0.5783221316607473
0,0.8186357663361605,0.3662088109974013
0,0.7060327320511288,0.3056920749782523
0,0.6740891171902998,0.25721552091933136
0,0.36612113248118494,0.19616686705932546
0,0.7351809819615338,0.3811690002714997
0,0.7697049336996774,0.4878019049307676
0,0.8286704097479393,0.5820677197901141
0,0.7196989606976466,0.3450096687149198
0,0.6061641380958069,0.2986829492627951
0,0.6610440807549873,0.27961701915458304
0,0.8760004778401624,0.5891211719923093
0,0.7524549038346673,0.5034103690734102
0,0.17868832875403173,0.2852852686462136
0,0.8403058177039779,0.7142603848647211
0,0.8334249193644725,0.3844380786684324
0,0.8593955321944808,0.4671900885975654
0,0.8996535658822123,0.298766061425429
0,0.4577708756420976,0.48987416818577234
0,0.762059491100227,0.44191290953518136
0,0.7721419185282523,0.5193346594340617
0,0.9042408314418827,0.4256727929565213
0,0.7927846135467685,0.3219044875027012
0,0.5059849480348823,0.27931227455825886
0,0.8849838728945167,0.38036004188853
1,0.8563134631465774,0.3346206483856847
0,0.718456576275236,0.4590894231461832
1,0.8736590610440808,0.34032214274236894
0,0.9064866802054712,0.38912006383014086
0,0.9131764424799904,0.5178552629391785
0,0.9405805757973957,0.512103901284914
0,0.6524907418468522,0.3192393574875747
0,0.8546171305698244,0.3083516641825365
0,0.6982917214191853,0.237844846214795
0,0.64570541153984,0.798336648585154
0,0.8576753076096045,0.5342172773563684
0,0.841237606020786,0.4709689215919858
0,0.8694301756062597,0.3676605034380731
0,0.4754031776370803,0.9198078446799904
0,0.7921395293274399,0.45664592556474715
0,0.7032612591088281,0.5511887809662065
0,0.7494445108111336,0.37037550075077985
0,0.07439971329590234,0.5046625923237607
0,0.7362800143352048,0.42043672671058685
0,0.7042169394337594,0.434815130846248
0,0.9038585593119102,0.4072551377168535
0,0.7172619758690717,0.5017592074424171
0,0.9027595269382391,0.7554230686118607
0,0.25091386931071546,0.21192493309470906
0,0.9576394695974196,0.3393192559799201
0,0.8578425516664675,0.584721768183556
0,0.7427308565284911,0.47678123216551505
0,0.8245609843507347,0.5284160484045235
0,0.866587026639589,0.9002432415959751
0,0.7756301517142515,0.506768100443819
0,0.8110619997610798,0.7014167853323655
0,0.8677099510213833,0.35723823824378453
0,0.8029387169991637,0.4010992968711041
0,0.8413331740532791,0.5331645232963392
0,0.538669215147533,0.5660104499692485
0,0.5645681519531716,0.3895577878866793
0,0.6477123402221956,0.6698341635314912
1,0.8127344403297097,0.34042741814837185
0,0.8531358260661808,0.7968794153336399
0,0.7272010512483573,0.40226286714797843
0,0.8540198303667423,0.28582826810875506
0,0.7186716043483454,0.6803173776450445
0,0.4677338430295066,0.28743510325301
0,0.8657746983633974,0.556358357482034
0,0.8425755584756899,0.3729021104948498
0,0.8602556444869192,0.24049335379739473
1,0.8766933460757376,0.33486998487358643
0,0.7410823079679847,0.4663589669712266
0,0.8338788675188149,0.8446135007396982
0,0.8300322542109664,0.8774760498451344
0,0.8205710189941464,0.5207752702530488
0,0.8391828933221837,0.5034657771818328
0,0.7868593955321944,0.2688013563904942
0,0.8535419902042767,0.5023077477158008
0,0.8666825946720822,0.619573468381363
0,0.7574483335324333,0.4825990835498867
0,0.8199259347748178,0.5823780051972806
0,0.5787838967865249,0.4074435252854903
0,0.8734440329709712,0.5063857844957032
0,0.674614741369012,0.8068528748497056
0,0.7233066539242623,0.3121360379877991
0,0.6901923306653923,0.2119803412031317
0,0.7614860829052681,0.765091783531602
0,0.6310596105602675,0.4910765241385424
0,0.8673515708995341,0.5898747222668564
0,0.8760721538645323,0.5065132231450751
0,0.8509377613188388,0.6811207952171721
0,0.8149325050770517,0.4691016683381446
0,0.8164377015888185,0.5670465815967509
0,0.9435909688209294,0.47262008322297877
0,0.8144785569227093,0.567456601599078
0,0.7709712101302114,0.3481679308950072
0,0.8480946123521682,0.32243086453271574
0,0.7830605662405925,0.6346333922506219
0,0.8472583920678532,0.3569944425667252
1,0.7211324811850436,0.4055818128424914
0,0.6371520726317046,0.39534793521683964
0,0.8011946004061641,0.5097712199203231
0,0.7855931191016604,0.2573540411903878
0,0.8568390873252897,0.5398467411721031
0,0.8634332815673157,0.5795743549110978
0,0.7436626448452992,0.45094443120806305
0,0.8985306415004181,0.4608126153181257
0,0.8990084816628837,0.7831603676882075
0,0.9047664556205949,0.36740562613932926
0,0.8490025086608529,0.6114894253625075
0,0.6250627165213236,0.8027194299613806
0,0.15821287779237836,0.7743449376381739
0,0.8237725480826663,0.2816560375445343
0,0.8461832517023056,0.317638063154162
0,0.8443435670768128,0.3234725369710604
0,0.8312029626090073,0.36740562613932926
1,0.8675665989726437,0.3404551222025831
0,0.8525146338549755,0.482155818682506
0,0.8134512005734081,0.49755927282398504
0,0.9258392067853303,0.49467251037516835
0,0.7827260781268666,0.5014267587918816
0,0.8796320630749014,0.3552435463405714
0,0.8429339385975391,0.34176829437219836
0,0.29523354437940497,0.26616393042957903
0,0.5442360530402579,0.4887715468281628
0,0.8999402699796918,0.31488428016555947
0,0.8591088280970015,0.3829143556868112
0,0.9051487277505674,0.5676117443026611
0,0.7000597300203082,0.3271737986136891
0,0.7112411898220045,0.3140365361066938
0,0.7703261259108828,0.5593891810127495
0,0.8678294110619997,0.5230248394550059
0,0.6651773981603153,0.578660121122125
0,0.8380838609485127,0.5451271339047756
0,0.8528252299605782,0.4071941887975886
0,0.8803488233185999,0.4173394134497642
0,0.9361366622864652,0.3598313377179616
0,0.8958547365906104,0.7666432105674345
0,0.8836220284314896,0.3526781509206057
0,0.8756659897264365,0.755622537802182
0,0.6818301278222434,0.36052947988408623
0,0.7603392665153506,0.36798741127776635
0,0.7219448094612351,0.4651122845317184
0,0.6888304862023653,0.5134669407521096
0,0.6671604348345478,0.2387258351387142
0,0.8319675068689523,0.25713240875669746
0,0.7924979094492892,0.4514874306706044
0,0.791805041213714,0.3464114938580112
0,0.9096165332696213,0.5506069958277694
0,0.7023772548082665,0.36440250666282503
0,0.718384900250866,0.27069077288770443
0,0.8655357782821647,0.39010632816006297
0,0.850531597180743,0.3407321627446961
0,0.6512005734081949,0.3395685924678218
0,0.7798829291601959,0.6097994780556186
0,0.778544976705292,0.2539796873874523
0,0.8190897144905029,0.4898907906182991
0,0.8345717357543901,0.3634882728738523
0,0.9111456217895114,0.4788756586638889
0,0.9120535180981961,0.34036646922910696
0,0.8179667901087087,0.36805944181871575
0,0.7494445108111336,0.37037550075077985
0,0.7042886154581292,0.42606619052632155
0,0.8017919006092462,0.5073332631497293
0,0.7385975391231633,0.4122917347724666
0,0.33759407478198533,0.14422176541315052
0,0.8846016007645442,0.5227755029671042
0,0.35697049336996767,0.5070617634184587
0,0.8225062716521323,0.369006920472742
0,0.8273563493011586,0.6875702990375611
1,0.8359574722255405,0.31254605799012625
0,0.7486799665511885,0.4703594323993373
0,0.9068211683191972,0.4343995700330786
0,0.9016366025564448,0.5891045495597826
0,0.8767172380838609,0.5627302899506313
0,0.5970373909927129,0.6424403947273645
0,0.9986142635288496,0.5018312379833665
0,0.8499104049695376,0.3261155037428177
0,0.8414287420857722,0.47488073404662035
0,0.6729900848166288,0.49738196687703284
1,0.8610679727631108,0.8335429606768654
0,0.7879345358977421,0.5584306207370386
0,0.8025564448691912,0.4291468813546174
0,0.4650340461115756,0.2382271621629109
0,0.7802652012901684,0.26804780611594703
0,0.7463146577469836,0.4901789127820966
1,0.8687611993788078,0.3404218773375296
1,0.887707561820571,0.3511156422630888
0,0.9099510213833473,0.3393192559799201
1,0.7849480348823318,0.7691144122030819
0,0.885509497073229,0.406795250416946
0,0.9145621789511408,0.5674233567340244
0,0.8249910404969537,0.8330498285119043
0,0.7636602556444869,0.38967968572520906
0,0.583108350256839,0.3423112938347398
0,0.867088758810178,0.5769092248959713
0,0.7651654521562536,0.38618897489458615
0,0.8188985784255166,0.5690578959324908
0,0.8152192091745311,0.4751023664803108
0,0.6176323019949826,0.7993007496717071
0,0.7972046350495758,0.705411709949634
0,0.2970015529805279,0.2025277179062384
0,0.11489666706486668,0.2024446057436045
0,0.8810655835622984,0.21849633475362784
0,0.8273085652849121,0.5895201103729519
0,0.761892247043364,0.8446689088481207
0,0.9260781268665631,0.8012234110339707
0,0.6070003583801218,0.47284725646751147
0,0.7468402819256958,0.5230359210766904
0,0.7998805399593836,0.9528255364890099
0,0.8323258869908016,0.5145418580555078
0,0.7305220403774937,0.6253913197657346
0,0.9087325289690599,0.4288088918932397
0,0.9209891291363039,0.5010111979787122
0,0.7805519053876477,0.38009408296810154
0,0.5203440449169752,0.5507233528554569
0,0.8166049456456814,0.4788922810964157
0,0.917954844104647,0.39492129278198573
0,0.8853661450244893,0.5230525435092171
0,0.826950185163063,0.41415344721546554
0,0.894134512005734,0.5899024263210679
0,0.9055309998805399,0.4791637808276864
0,0.7188149563970851,0.4899240354833526
0,0.681543423724764,0.5937809939106489
0,0.7587862859873371,0.3428210484322275
0,0.514586070959264,0.9104217111132042
0,0.9353004420021502,0.4026230198527252
0,0.4754031776370803,0.26368718798308943
1,0.8326364830964041,0.3796951445874589
0,0.6069525743638752,0.2566891438893168
0,0.5695137976346911,0.395591730893899
0,0.9445227571377374,0.8444528172252728
0,0.3360888782702185,0.5459360922877454
0,0.771018994146458,0.3825098764953263
0,0.4206188030103929,0.2382991927038603
0,0.8304623103571855,0.47891998515062695
0,0.7934535897742205,0.24066511893350467
0,0.7315971807430414,0.5333196659999224
0,0.8331143232588698,0.8114462070379379
0,0.8256361247162823,0.5121149829065985
0,0.863719985664795,0.7620443375683598
0,0.7358977422052323,0.4716892270014794
0,0.927416079321467,0.44082136979925646
0,0.705029267709951,0.6840740473960959
0,0.7497073229004898,0.39332553925941527
0,0.9361366622864652,0.3841277932612659
0,0.7070123043841834,0.4215448888790386
0,0.8130689284434356,0.599803855296184
0,0.9215625373312627,0.2645847993395354
0,0.783944570541154,0.5576272031649111
0,0.7499462429817225,0.26254024013874194
0,0.9199139887707561,0.321793671285856
0,0.5193644725839206,0.7795699222624239
0,0.955728108947557,0.32953418403249124
0,0.863719985664795,0.3397569800364585
0,0.919221120535181,0.32931809240964316
0,0.6377254808266635,0.26318851500728613
0,0.8348345478437462,0.2239761966766216
0,0.8266873730737068,0.5121260645282831
0,0.8223151355871461,0.5155447448179566
0,0.7864532313940986,0.522598197020152
0,0.6442957830605662,0.3549831282309853
0,0.6576036315852347,0.4041910693210844
0,0.7440927009915183,0.5945788706719342
0,0.8728706247760124,0.3660370458612914
0,0.6529685820093178,0.5341840324913147
0,0.7362083383108349,0.21534915419522488
0,0.9066539242623343,0.5408662503670787
0,0.7251941225660017,0.2571545720000665
0,0.8451081113367578,0.7339413449764238
0,0.9298291721419185,0.23245917807611965
0,0.8000716760243698,0.4787593016362014
0,0.7447138932027236,0.9534461073033429
0,0.9234738979811253,0.3457299741244133
0,0.8826185640903118,0.5537486355753302
0,0.671914944451081,0.6723607732755611
0,0.7110261617488949,0.32642024833914196
0,0.8700991518337116,0.8668931011364203
0,0.5855214430772906,0.29379595409992293
0,0.9240234141679607,0.5119542993921731
0,0.5826782941106199,0.538755201436178
0,0.8685700633138215,0.31778212423606067
1,0.8359335802174173,0.3237329550806465
0,0.8300561462190896,0.5054937139500995
0,0.9589296380360769,0.3902060627552236
0,0.6885198900967626,0.49564769308340584
1,0.902831202962609,0.3290853783542683
0,0.8060207860470672,0.3826040702796447
0,0.6709353721180265,0.3238825569733875
0,0.878413570660614,0.5008228104100754
0,0.7454067614382989,0.5301004549005702
0,0.85196511766814,0.39436167088691754
0,0.7221120535180982,0.26578715529230545
0,0.7763230199498268,0.626881797882302
0,,
0,0.8420977183132242,0.7304783382000122
0,0.8199020427666945,0.357160666891993
0,0.846135467686059,0.42822710675480247
0,0.835742444152431,0.5237396040536573
0,0.9255525026878508,0.7121271726904516
0,0.8274280253255286,0.5492605787931006
0,0.6303189583084458,0.44269970467478215
0,0.7549874566957353,0.41108937881969654
0,0.854497670529208,0.6305775187140885
0,0.8565762752359336,0.24119703677436155
0,0.3464819018038465,0.7152743532488544
0,0.8457054115398399,0.5565578266723553
0,0.8001911360649863,0.3182087666709146
0,0.9047425636124716,0.5121870134475479
0,0.7782582726078127,0.32666958482704356
0,0.8815195317166408,0.5114223815513161
0,0.6631465774698362,0.23663140864034043
0,0.8657030223390276,0.345186974661872
0,0.843101182654402,0.3667241064057314
0,0.6327559431370207,0.28089694645914487
0,0.717453111934058,0.6520869464037367
0,0.8381555369728826,0.3907546030286072
0,0.8958547365906104,0.5426947179450241
0,0.6364114203798829,0.2496079876329102
0,0.5200573408194957,0.5465788263454474
0,0.8444152431011827,0.4390815551947872
0,0.7722135945526221,0.464441846419805
0,0.8409509019233066,0.2604901401271062
0,0.873252896905985,0.4989777203996033
0,0.7697288257078007,0.32253613993871866
0,0.8427428025325528,0.5175726815862233
0,0.9254808266634811,0.5010333612220812
0,0.8770517261975869,0.46771646562757996
0,0.905698243937403,0.4316457870444761
0,0.8090311790706008,0.4162035472271012
0,0.8881615099749134,0.47008239185722434
0,0.8312985306415004,0.32386593454086066
0,0.8035360172022459,0.5368824073714947
0,0.4142157448333531,0.24352971813895247
0,0.9121968701469358,0.5342671446539485
0,0.8986023175247879,0.5675120097075005
0,0.38850794409270084,0.588772100909247
0,0.7220403774937283,0.46463023398844183
0,0.9132720105124835,0.5580095191130271
0,0.8965237128180623,0.3543237717407566
0,0.7504240831441882,0.7824677663329251
0,0.8824752120415721,0.5230580843200594
0,0.8623820332098913,0.5148964699494124
0,0.7809580695257436,0.3729630594141147
0,0.8897383825110501,0.31746629801805193
0,0.33209891291363036,0.4264208024202262
0,0.942037988292916,0.37591077078219626
0,0.9471986620475451,0.5230414618875326
0,0.49461235216819965,0.6078214085849323
0,0.7468163899175726,0.3676826666814421
0,0.9280611635407956,0.34837294089617077
0,0.7694182296021981,0.22587669479551636
0,0.842336638394457,0.36757185046459706
0,0.8968820929399115,0.28839920433956306
0,0.31188627404133307,0.5447392771458175
0,0.9255286106797276,0.7558053845599765
0,0.7317405327917811,0.5936812593154882
0,0.843435670768128,0.3963896076551843
0,0.27062477601242374,0.5099263626239063
0,0.7493250507705171,0.3571717485136775
0,0.5777804324453469,0.255409216584755
0,0.8857245251463385,0.26495049285512445
0,0.7567076812806116,0.3971597803622582
0,0.8809700155298053,0.3571107995944126
0,0.789774220523235,0.7418591636700115
0,0.8707203440449169,0.5177555283440178
0,0.9346553577828216,0.5604253126402517
0,0.8402819256958547,0.5798236913989993
0,0.7500895950304622,0.5035433485336244
0,0.7293274399713295,0.40419661013192676
0,0.7315493967267949,0.4694451986103646
0,0.8830486202365309,0.3678987583042903
0,0.8354557400549516,0.3319167326946626
0,0.8059968940389439,0.4783326592013475
0,0.7709234261139648,0.4301497681170663
0,0.833544379405089,0.6418530687780849
0,0.9314299366861785,0.3735614669850785
0,0.7659777804324452,0.581508097895046
0,0.8482857484171544,0.4399514624970218
0,0.6161509974913391,0.38299192703860274
0,,
0,0.8719388364592043,0.48990741305082586
1,0.8535897742205232,0.3236830877830662
0,0.8611635407956039,0.523650951080181
0,0.9079440927009915,0.4124967447736302
0,0.8246565523832278,0.5344222873575319
0,0.5290646278819735,0.39176857141274046
0,0.8488591566121132,0.5075050282858393
0,0.8475212041572093,0.7318967857756303
0,0.8162704575319555,0.6464685642096863
0,0.8360530402580336,0.42346200943046
0,0.817656194003106,0.9205226092786418
0,0.7684147652610201,0.3764149845688418
0,0.965189344164377,0.5231910637802736
0,0.9312388006211922,0.36925625696064357
0,0.6423844224107036,0.39572471035411316
0,0.9236889260542348,0.6172574094492987
0,0.8188985784255166,0.2966771757378975
0,0.5194122566001672,0.26257902581463766
0,0.7746027953649504,0.46983305536932274
0,0.8003822721299725,0.35531003607067857
0,0.9135348226018396,0.4524459909463151
0,0.769585473659061,0.3234725369710604
0,0.8743758212877792,0.4788645770422044
0,0.8699080157687253,0.35323223200483156
0,0.943567076812806,0.5066240393619202
0,0.8247282284075976,0.5222214218828783
0,0.8513678174650579,0.7987355869657966
0,0.913056982439374,0.5815136387058882
0,0.8555011348703858,0.34622310628937436
0,0.830080038227213,0.6450556574449104
0,0.08866324214550225,0.315238892059464
0,0.7793095209652371,0.5155059591420609
0,0.746099629673874,0.4597654020689388
0,0.8379166168916496,0.5010389020329234
1,0.8557639469597419,0.34042741814837185
0,0.9181937641858798,0.37218180508535614
0,0.8936566718432684,0.3140697809717474
0,0.9126747103094015,0.5544855634173504
0,0.774053279178115,0.483119919769059
0,0.8733962489547247,0.5683819170097352
0,0.8132122804921753,0.5357465411488318
0,0.6837892724883525,0.2036525025072169
0,0.9512841954366265,0.37084092886152953
0,0.8367698005017321,0.35912765474099484
0,0.6065941942420259,0.2779270718476942
0,0.7514275474853661,0.5231411964826933
0,0.7521443077290646,0.9170374392588612
0,0.6341655716162943,0.27920145834141363
0,0.8435073467924978,0.5875808265781615
0,0.8728706247760124,0.3660370458612914
0,0.8938955919245012,0.37604375024241044
0,0.7362800143352048,0.33616099379983266
0,0.6931549396726795,0.33450983216883956
0,0.23827499701349886,0.18481928645437973
0,0.911026161748895,0.3235390267011674
0,0.689236650340461,0.7931559904476422
0,0.8613546768605901,0.6171576748541381
0,0.9047664556205949,0.320702131549931
0,0.4610679727631106,0.4497586976878196
0,0.8380599689403894,0.6506518763955917
0,0.7916616891649743,0.4337568359753766
0,0.771114562178951,0.43851639248887675
0,0.5941464580097957,0.46818189373832964
0,0.5854736590610441,0.6317577114234898
0,0.9270576991996177,0.5067791820655034
0,0.7677696810416915,0.32453083184193177
0,0.7452634093895592,0.17607588694529558
0,0.8608529446900012,0.3542517411998072
0,0.8578903356827141,0.3124241601515966
0,0.8495998088639349,0.5860681852182249
0,0.7999283239756301,0.5241163791909308
0,0.8926054234858439,0.32935687808553904
0,0.9573049814836937,0.37369998725613507
0,0.5857125791422768,0.3245862399503543
0,0.849098076693346,0.7865624255453544
0,0.8061163540795604,0.5234293186464907
0,0.5241906582248237,0.6443852193329972
0,0.7745072273324572,0.4532660309509694
0,0.4142157448333531,0.202583126014661
0,0.7249790944928921,0.37996110350788737
0,0.8490025086608529,0.5985571728566759
0,0.9118862740413332,0.43741377113126734
0,0.7743160912674709,0.8394494650347131
0,0.8538525863098794,0.5900464874029665
0,0.8749253374746147,0.6392987549798037
0,0.782941106199976,0.5892375290199968
0,0.7432086966909568,0.4782107613628178
0,0.4275235933580217,0.39113137816588084
0,0.9019233066539243,0.589714038752431
0,0.2966431728586787,0.2140415228364519
0,0.7129614144068808,0.590678139838984
0,0.6923665034046111,0.8117232475800509
0,0.8471389320272369,0.39830672820660573
0,0.7861426352884959,0.34164085572282643
0,0.6737307370684505,0.5784107846342234
0,0.33358021741727384,0.2563123687520431
0,0.8561462190897144,0.5071282531485658
0,0.8781268665631345,0.3403830916616337
0,0.7986142635288496,0.4968888347120718
0,0.8250149325050771,0.5787709373389701
0,0.9149922350973599,0.4482793011929366
0,0.7886751881495639,0.23690290837161104
0,0.8139529327439972,0.4654447331822539
0,0.8438657269143471,0.7927293480127883
0,0.8102974555011349,0.38120778594739557
0,0.863122685461713,0.3936801511533198
0,0.8179667901087087,0.5778345403066285
0,0.886106797276311,0.3406213465278509
0,0.9012782224345957,0.30236758847289713
0,0.8911002269740771,0.43453809030413515
0,0.7787122207621551,0.5697449564769309
0,0.5195795006570301,0.5061586112511706
0,0.7267709951021383,0.6630743743039357
0,0.7400788436268068,0.42414352916405784
0,0.8926532075020905,0.7666875370541725
0,0.8329231871938836,0.5120651156090182
0,0.8406880898339505,0.3958244449492738
0,0.9279894875164257,0.4514708082380776
0,0.6356229841118146,0.34339729275982256
0,0.7389320272368892,0.6058211758708769
0,0.9022339027595269,0.7841078463422337
0,0.6650579381196988,0.3633829974678495
0,0.806092462071437,0.3371527989405969
0,0.9012782224345957,0.30236758847289713
0,0.7813881256719627,0.7215797959873448
0,0.8851511169513797,0.4802553205636112
0,0.8523712818062358,0.5751527878589753
0,0.8677816270457531,0.3724588456274691
0,0.833544379405089,0.5543193390920829
0,0.7266754270696452,0.3066173903889095
0,0.8224107036196392,0.5066572842269738
0,0.8745669573527655,0.7006632350578184
0,0.5224704336399474,0.3459460657472615
0,0.8805399593835862,0.36822566614398355
0,0.8790347628718194,0.5010887693305038
0,0.6606140246087683,0.556424847212141
0,0.8596344522757138,0.584871370076297
0,0.8694062835981364,0.5511832401553644
0,0.949898458965476,0.5039755317793206
0,0.8349778998924859,0.6454878406906066
0,0.7690598494803488,0.20792446766659833
0,0.8032254210966432,0.2068772544174114
0,0.9074901445466491,0.30897223499686943
0,0.9294946840281926,0.7888618620448916
0,0.8177517620355991,0.8020545326603095
0,0.8914824991040496,0.5232575535103806
0,0.8355274160793215,0.32377174075654236
0,0.6159359694182296,0.5877193468492179
0,0.9098076693346075,0.5230414618875326
0,0.8719627284673277,0.4230298261847639
0,0.7500179190060925,0.49447304118484703
0,0.7455978975032851,0.4756342843211676
0,0.7759885318361008,0.47981205569623053
0,0.74330426472345,0.3180868688323849
0,0.8913869310715565,0.6224602308301797
0,0.8897383825110501,0.3839504873143136
0,0.4655357782821645,0.39274375412097806
0,0.9280372715326723,0.7293369311665069
0,0.734105841595986,0.6141933410535297
0,0.8567674113009198,0.41885759562054314
0,0.8190419304742563,0.5146028069747727
0,0.739505435431848,0.24353525894979466
0,0.7153028312029626,0.36808160506208476
0,0.8214789153028311,0.2558247773979244
0,0.4320391828933221,0.2581186730866195
0,0.7714012662764305,0.3594988890674261
0,0.45602675904909795,0.9526149856770041
0,0.3617250029865009,0.33932479679076233
0,0.4449886512961413,0.4953761933521351
0,0.7618444630271174,0.5260390405531945
0,0.8704814239636841,0.6764665141096748
0,0.5436626448452992,0.42376121321594196
0,0.8493847807908255,0.484532826533835
0,0.8471389320272369,0.35714404445946624
0,0.7190538764783179,0.7173521573147014
0,0.6892844343567076,0.6893710625612953
1,0.6892605423485842,0.3809639902703361
0,0.8200931788316808,0.5008615960859713
0,0.5715207263170468,0.46391546938979045
0,0.7436626448452992,0.5287374154333745
0,0.8411898220045395,0.8441314501964217
0,0.7473181220881615,0.4511882268851224
0,0.8600645084219328,0.5331091151879167
0,0.7888663242145502,0.45362618365571616
0,0.3271532672321108,0.19643836679059612
0,0.8752598255883407,0.30166944630677256
0,0.85036435312388,0.7670809346239728
0,0.8814000716760243,0.45086131904542914
0,0.7512364114203798,0.3362662692058356
0,0.689403894397324,0.7704996149136465
0,0.5179548441046469,0.6475102366480311
0,0.9125791422769084,0.7932723474753295
0,0.9087086369609365,0.4643864383113825
0,0.7130091984231275,0.7442860388189209
0,0.7686059013260065,0.4511051147224885
0,0.579309520965237,0.35738229932568333
0,0.7210130211444271,0.5328320746458036
0,0.8345717357543901,0.5344056649250051
0,0.8787241667662167,0.39559727170474124
0,0.8088878270218611,0.7774921181965769
0,0.7944331621072751,0.36626421910582396
0,0.4732767889141082,0.2174989888020213
0,0.8131644964759288,0.4455920079344411
0,0.3780671365428263,0.18659788673474476
0,0.8936566718432684,0.5574388155962744
0,0.9397204635049575,0.5291973027332819
0,0.8312029626090073,0.5568681120795217
0,0.7259586668259467,0.4084574936696236
0,0.8728706247760124,0.3660370458612914
0,0.7306415004181102,0.25076601709894225
0,0.7134870385855931,0.47440422431418616
0,0.4739218731334368,0.37234802941062395
0,0.8189941464580097,0.46453604020412353
0,0.8531597180743041,0.3141418115126968
0,0.8060685700633138,0.3747749045595332
0,,
0,0.819352526579859,0.4067564647410502
0,0.6896428144785569,0.5015264933870422
0,0.8125671962728467,0.4596601266629359
0,0.771783538406403,0.4279500662126895
0,0.7765858320391829,0.46826500590096354
0,0.8557400549516186,0.4677718737360025
0,0.6561223270815912,0.42802763756448114
0,0.9059132720105124,0.5452434909324632
0,0.5481065583562298,0.2846757794535652
0,0.912722494325648,0.33445442406041703
0,0.8387528371759646,0.41734495426060647
0,0.8188985784255166,0.5335080535685593
0,0.8525146338549755,0.482155818682506
0,0.34982678294110603,0.3422392632937904
0,0.8083383108350256,0.6142321267294256
0,0.9221120535180982,0.41277378531574305
1,0.8586787719507825,0.3348145767651638
0,0.7625134392545693,0.4911374730578072
0,0.8569346553577828,0.6348605654951545
1,0.8306056624059251,0.32379390399991137
0,0.7224704336399475,0.678954338177849
0,0.8221239995221599,0.3456745660159908
0,0.7807908254688807,0.22859723291906536
0,0.951331979452873,0.352018794430377
0,0.9360649862620953,0.7773702203580471
0,0.21517142515828447,0.749001268845683
0,0.723784494086728,0.4417688484532827
0,0.6599450483813164,0.5363006222330576
0,0.43349659538884233,0.25717119443259323
0,0.7559670290287899,0.5514990663733731
0,0.7426830725122446,0.5893760492910534
0,0.7130091984231275,0.464053989660847
0,0.8026042288854378,0.41482942613822105
0,0.7858559311910166,0.4455310590151763
0,0.8693584995818898,0.36794308479102833
0,0.6571018994146457,0.21621906149745956
0,0.8546171305698244,0.40768732096254967
0,0.8687134153625612,0.4787371383928324
0,0.8102735634930116,0.505549122058522
0,0.778544976705292,0.2539796873874523
0,0.716951379763469,0.3840557627203165
0,0.7784971926890455,0.5209525762000011
0,0.7947437582128778,0.7642163354185251
0,0.8244415243101182,0.410928695305271
0,0.5163062955441404,0.27388782074368767
0,0.6901923306653923,0.5236343286476544
0,0.932146696929877,0.4119814493653001
1,0.8640783657866443,0.301486599548978
0,0.7742205232349779,0.41093423611611324
0,0.7168080277147293,0.4954482238930845
0,0.7740293871699916,0.24587902193607009
0,0.8707203440449169,0.5343280935732135
0,0.8495759168558117,0.48431119410014456
0,0.8098912913630391,0.789277422858061
0,0.7565882212399953,0.3339945367605095
0,0.6449886512961414,0.41696817912333295
0,0.7218014574124955,0.31614758503759444
0,0.8404730617608409,0.3021182519849955
0,0.8930832636483096,0.4230907751040287
0,0.9040496953768964,0.3845156500202239
0,0.9359216342133556,0.41265742828805574
0,0.6884243220642694,0.4246809878157569
0,0.8242981722613785,0.4697776472609002
0,0.8255644486919125,0.4645415810149657
1,0.8914586070959264,0.45671795610569654
0,0.4835264603989964,0.3215443347979543
0,0.8555728108947557,0.49692762038796756
0,0.7387169991637796,0.7228431008593798
0,0.8229363277983515,0.4956199890291946
0,0.8237008720582965,0.23863164135439585
0,0.829243817942898,0.5343114711406867
0,0.956994385378091,0.6452717490677586
0,0.8168916497431609,0.5451825420131983
0,0.6798948751642575,0.381324142975083
0,0.9376179667901087,0.45160932850913393
0,0.7635646876119937,0.2903883554319339
0,0.7458368175845179,0.5673956526798132
0,0.5470314179906821,0.21272835066683654
0,0.9063194361486082,0.5342394405997373
0,0.835909688209294,0.6819851617085645
0,0.863958905746028,0.3512098360474072
0,0.9305937164018636,0.38422752785642655
0,0.8003822721299725,0.35531003607067857
0,0.7498745669573528,0.38354046731198643
0,0.8257555847568988,0.24429989084602644
0,0.8451081113367578,0.5621152599471406
0,0.9322900489786167,0.5122535031776551
0,0.8925098554533508,0.4623418791105891
0,0.8466610918647712,0.6119216086082038
0,0.8760721538645323,0.3605904288033511
0,0.8257316927487754,0.4510829514791195
0,0.7156373193166885,0.5303497913884717
0,0.802962609007287,0.6035605250472353
0,0.7876717238083861,0.5727979432510153
0,0.9292079799307131,0.8555566021531591
0,0.768319197228527,0.3631835282775282
0,0.8562656791303309,0.7641664681209448
0,0.7436865368534225,0.4986951390466481
0,0.7850197109067016,0.4955091728123493
0,0.8373432086966909,0.5062749682788579
0,0.8693107155656432,0.5068789166606641
0,0.825946720821885,0.32966716349270553
0,0.7863815553697288,0.7775863119808953
0,0.8953052204037749,0.43469323300771834
0,0.6378449408672798,0.48591802924439964
0,0.6468761199378807,0.4648740296655013
0,0.8628120893561104,0.5898359365909608
0,0.8651057221359455,0.7340022938956886
1,1.0,0.4122474082857285
0,0.901564926532075,0.7981815058815707
0,0.22735634930115867,0.5035821342095202
0,0.9637797156851033,0.2734279334437802
0,0.8314657746983634,0.26445736069016346
0,0.9121013021144427,0.508247496938702
0,0.9306176084099869,0.2828251486322509
0,0.8404252777445944,0.3654663423445387
0,0.6829291601959144,0.28084707916156454
0,0.8451558953530044,0.550618077449454
0,0.8847210608051607,0.3679597072235551
0,0.8030103930235336,0.769374830312668
0,0.7763708039660733,0.9000049867297579
0,0.8365786644367459,0.5900963547005469
0,0.8297933341297336,0.6191745300007203
0,0.8195436626448452,0.44451709063104294
0,0.3877195078246326,0.14181151269676806
0,0.8800143352048739,0.5030668388011902
0,0.7860709592641262,0.32366646535053945
0,0.11023772548082655,0.20528150089484093
0,0.6274997013498984,0.3129117515057153
0,0.7547246446063791,0.591171272003945
0,0.8538764783180026,0.8074956089074075
0,0.504862023653088,0.19238249325406276
0,0.8577708756420976,0.323871475351703
0,0.8380838609485127,0.36796524803439734
0,0.519913988770756,0.7688539940934956
0,,
0,0.744068808983395,0.24847212141024716
0,0.8598494803488232,0.6412546612071212
0,0.6831919722852705,0.9548922589331723
0,0.6544259945048381,0.5464513876960755
0,0.8112053518098196,0.2552762371245408
0,0.7619400310596105,0.4386659943816178
0,0.8030103930235336,0.769374830312668
0,0.8014813045036435,0.567434438355709
0,0.7937641858798231,0.34958637847062535
0,0.8576036315852347,0.629923703034702
0,0.5871222076215505,0.46686318075787203
0,0.9219448094612352,0.4118761739592972
0,0.8965714968343089,0.7973780883094432
0,0.8534225301636602,0.3464225754796957
0,0.821550591327201,0.3675330647887012
0,0.785473659061044,0.3296117553842829
0,0.8664914586070959,0.46745604751799374
0,0.6763349659538884,0.20737038658237245
0,0.7382152669931907,0.3665190964045678
0,0.80152908851989,0.23097424077039436
0,0.8630987934535898,0.2573928268662836
1,0.8592521801457412,0.3403609284182647
0,0.7458846016007645,0.5142426542700258
0,0.9304742563612471,0.35451770012023553
0,0.7536733962489547,0.3244310972467711
0,0.9178353840640305,0.38363466109630484
0,0.7515470075259825,0.34960854171399447
0,0.951833711623462,0.5231855229694312
0,0.8345956277625134,0.4785210467699843
0,0.9995221598375343,0.7230093251846476
0,0.8746386333771353,0.4716282780822145
0,0.81885079440927,0.3940236814255398
0,0.8373909927129375,0.5950553804043683
0,0.7698960697646636,0.467805118601056
0,0.7697049336996774,0.39085433762376787
0,0.8591566121132481,0.8937217072346368
0,0.8428144785569227,0.46790485319621666
0,0.7417512841954366,0.8667490400545215
0,0.8895472464460638,0.28447631026324394
0,0.8221717835384064,0.7726439087096006
0,0.7094015051965117,0.5610735875087961
0,0.9560864890694063,0.5394090171155648
0,0.9229960578186597,0.633691454407438
0,0.7279178114920559,0.5733520243352411
0,0.9063911121729781,0.5116218507416375
0,0.7614382988890216,0.5006067187872273
0,0.798231991398877,0.49695532444217894
0,0.6525385258630987,0.4317621440721635
0,0.7506391112172978,0.30767568525978095
0,0.7343925456934655,0.4835133173388594
0,0.6483096404252777,0.428664830811341
0,0.7339147055309998,0.5899356711861214
0,0.6195197706367219,0.3796452772898785
0,0.8969537689642815,0.5232464718886962
0,0.9453111934058057,0.35122645847993395
0,0.8188985784255166,0.5690578959324908
0,0.7406761438298888,0.1950199192149779
0,0.9813881256719628,0.5453875520143617
0,0.8453231394098674,0.3158317588195857
0,0.7460518456576275,0.5896586306440085
0,0.7895591924501254,0.2871525219000548
0,0.9148488830486202,0.4799007086697067
0,0.861259108828097,0.3791355226923908
0,0.4419782582726077,0.7489070750613646
0,0.8596344522757138,0.737886402296112
0,0.8608529446900012,0.47856537325672244
0,0.7396965714968342,0.46481862155707865
0,0.842838370565046,0.4897578111580848
0,0.9333174053279178,0.32476908670814886
0,0.8443435670768128,0.71222136647477
0,0.8332576753076095,0.24691515356357246
0,0.8779357304981483,0.909407742729071
0,0.41956755465296847,0.19759639625662817
0,0.721347509258153,0.5890269782079909
0,0.7395771114562179,0.611306578604713
0,0.8927965595508303,0.49646773308806014
0,0.8508183012782224,0.39760304522963885
0,0.9519053876478318,0.5177001202355953
0,0.8131644964759288,0.4369317205879909
0,0.9145621789511408,0.37905795134059916
0,0.8338310835025684,0.3435358130308789
0,0.7872177756540437,0.5876805611733221
0,0.8869908015768725,0.5065021415233906
0,0.7080874447497312,0.6671302478404689
0,0.710357185521443,0.32400999562275945
0,0.9297336041094254,0.5226591459394168
0,0.8024608768366981,0.30773663417904573
0,0.7463624417632302,0.46840906698286233
0,0.8476167721897025,0.35699998337756744
0,0.825516664675666,0.7626205818959547
0,0.8297216581053637,0.6182769186442744
0,0.7248118504360291,0.5019420542002117
0,0.7431848046828335,0.39982491037738466
0,0.43978019352526565,0.925514879847517
0,0.8617130569824394,0.25779730605776846
0,0.5236650340461115,0.2949041162683747
0,0.8058774339983275,0.6230032302927211
0,0.7288257078007405,0.7197513284093995
0,0.841572094134512,0.4896026684545016
0,0.09250985545335078,0.23111830185229304
0,0.306223868116115,0.0898331661855396
0,0.9349659538884243,0.29763573601360827
0,0.7388842432206426,0.5231467372935356
0,0.9127941703500179,0.4954703871364535
0,0.8774817823438059,0.7777026690085826
0,0.8176084099868594,0.4789753932590496
0,0.8070242503882451,0.36523362828916384
0,0.7422769083741487,0.26302783149286063
0,0.8789869788555728,0.46772754724926446
0,0.890407358738502,0.3402944386881577
0,0.8612352168199737,0.733708630921049
0,0.7691554175128419,0.3107951617639726
0,0.8670170827858081,0.8107979321693937
0,0.8888543782104885,0.3611999179959995
0,0.7140126627643053,0.680561173322104
0,0.8552861067972762,0.31614758503759444
0,0.7840162465655238,0.5481524166246488
0,0.7518098196153387,0.5793194776123537
0,0.8029148249910405,0.5344776954659545
0,0.577015888185402,0.28576177837864797
0,0.22874208577230903,0.6217620886640551
0,0.8441524310118265,0.37626538267610077
0,0.8535658822123999,0.36797632965608185
0,0.6405925218014574,0.25164146521201913
0,0.8698363397443555,0.5689914062023838
0,0.8560028670409747,0.5341895733021571
0,0.8162943495400788,0.7050183123798336
0,0.8804443913510931,0.32589941211996964
0,0.9086847449528133,0.7282786362956355
0,0.7845896547604826,0.6938812825868937
0,0.8356468761199378,0.5074662426099436
0,0.8427189105244295,0.26855201990259253
0,0.865989726436507,0.26187534283767083
0,0.8207382630510094,0.5072224469328842
0,0.890072870624776,0.6672909313548945
0,0.8787480587743399,0.39851727901861156
0,0.8926054234858439,0.3451149441209226
0,0.19242623342491916,0.5797128751821542
0,0.8967148488830485,0.5175782223970656
0,0.74490502926771,0.5618160561616586
0,0.7601003464341177,0.29043268191867194
0,0.6534703141799068,0.355470719585104
0,0.6181340341655714,0.22812626399747343
0,0.8207382630510094,0.5072224469328842
0,0.8083383108350256,0.6142321267294256
0,0.8577708756420976,0.5252411637919093
0,0.9202484768844821,0.4174502296666094
0,0.8061641380958069,0.262479291219477
1,0.9104766455620594,0.3350140459554851
0,0.72911241189822,0.3328642113486887
0,0.6763588579620117,0.5128740739919879
0,0.7202962609007286,0.4677552513034757
0,0.8016246565523832,0.41002000232714053
0,0.7051726197586907,0.4502850747178342
0,0.7493250507705171,0.4761606613511822
0,0.8760721538645323,0.3955197003529497
0,0.8155059132720105,0.5678555399797206
0,0.8593716401863576,0.6233800054299947
0,0.8080516067375463,0.4011990314662648
0,0.8160076454425994,0.581851628167266
0,0.8561462190897144,0.5071282531485658
0,0.7600286704097479,0.4941073476692579
1,0.8264245609843507,0.3348533624410597
0,0.8230080038227212,0.553360778816372
0,0.907227332457293,0.45853534206195734
0,0.81885079440927,0.3703921231833067
0,0.8435312388006212,0.44000132979460216
0,0.7099271293752238,0.0
0,0.8121610321347509,0.5036320015071005
0,0.8257316927487754,0.6901024495924732
0,0.8285031656910763,0.42770627053563015
0,0.6441524310118265,0.7808720128103546
0,0.8158165093776132,0.2707240177527579
0,0.9024250388245132,0.622809301913242
0,0.8026042288854378,0.31065664149291605
0,0.8783896786524907,0.5625308207603101
0,0.7504479751523114,0.775203763318724
0,0.9244773623223032,0.5229306456706874
0,0.8406403058177039,0.3771408307891777
0,0.755560864890694,0.6362236049623502
0,0.7972763110739457,0.31831958288775974
0,0.9240234141679607,0.320679968306562
0,0.7801696332576753,0.5122313399342859
0,0.7644725839206785,0.5818460873564237
0,0.8954246804443913,0.4668798031903989
0,0.9224943256480707,0.5918971182242809
0,0.9365906104408075,0.5228974008056338
0,0.8902162226735156,0.46747821076136276
0,0.7605542945884601,0.49181899279140506
0,0.7866682594672082,0.6329489857545753
0,0.6352168199737187,0.47889782190725794
0,0.9038346673037868,0.4733680926866838
0,0.8690001194600405,0.5783110500390627
0,0.8379166168916496,0.2048216135949335
0,0.7861904193047425,0.44653394577762506
0,0.9227332457293035,0.3285867053784651
0,0.9297336041094254,0.39017835870101236
1,0.8824752120415721,0.29537508518996675
0,0.8510572213594552,0.32510153535868436
0,0.8704097479393142,0.6238897600274824
0,0.8460160076454426,0.39591309792275
0,0.8255644486919125,0.6378138176740784
0,0.7861904193047425,0.44653394577762506
0,0.787241667662167,0.5094443120806299
0,0.6611396487874805,0.26874040747122935
1,0.8771950782463266,0.8784290693100028
0,0.41283000836220274,0.3460790452074757
0,0.743901564926532,0.6432438122994919
0,0.597969179309521,0.3420010084275733
0,0.7337952454903834,0.38994010383479516
0,0.7288257078007405,0.7197513284093995
0,0.6818540198303666,0.5976318574460187
0,0.9018038466133078,0.7005302555976041
0,0.6921992593477482,0.40146499038669314
0,0.895233544379405,0.5903401503776062
0,0.8958069525743638,0.46782174103358287
0,0.7939553219448094,0.43230514353470484
0,0.8423127463863338,0.5294078535452879
0,0.7460518456576275,0.5410380155031888
0,0.7487038585593119,0.37474720050532195
0,0.9712818062358141,0.349641786579048
0,0.2004778401624655,0.3431922827586589
0,,
0,0.4675904909807669,0.14907551571096916
0,0.8829530522040377,0.7968960377661666
0,0.6685222792975749,0.485474764377019
0,0.8985784255166647,0.4512713390477563
0,0.9391231633018755,0.5012993201425097
0,0.6980528013379523,0.322802098859147
0,0.8768844821407239,0.2833293624188964
0,0.7522159837534345,0.6298516724937527
0,0.9308326364830963,0.6148859424088121
1,0.8825707800740652,0.34052161193269026
0,0.7340819495878628,0.4794463621806415
0,0.8520606857006331,0.31265687420697147
0,0.8591327201051248,0.5413150560453017
0,0.8542587504479751,0.3014201098188709
0,0.9495878628598734,0.4340227948958051
0,0.8849121968701469,0.5581868250599792
0,0.9156373193166886,0.5117880750669053
0,0.7632540915063911,0.25256678062267635
0,0.8984111814598017,0.49559782578582545
0,0.9333651893441643,0.4624748585708033
0,0.7601481304503643,0.4872034973598036
0,0.8920081232827619,0.6159054516037876
0,0.48030103930235324,0.1272668842358391
0,0.4340700035838011,0.4350644673341497
0,0.8202126388722972,0.4181372902110495
0,0.9057221359455262,0.5899356711861214
0,0.7725241906582248,0.6731309459826351
0,0.8754748536614502,0.6088852442666459
0,0.828216461593597,0.6859967087583597
0,0.8084577708756421,0.3125515988009685
0,0.9088519890096762,0.4615717064035151
0,0.7202723688926054,0.4228913059137074
0,0.6405447377852107,0.26530510474902896
0,0.7773981603153745,0.5855639714315792
0,0.5592163421335563,0.36493442450368185
0,0.8357663361605543,0.6549238415549732
0,0.822816867757735,0.7242504668133134
1,0.7201768008601122,0.33490322973863995
0,0.8905507107872417,0.506363621252334
0,0.8347628718193764,0.5691908753927051
0,0.7693226615697049,0.5209414945783166
0,0.7128419543662644,0.5572005607300572
0,0.5960578186596582,0.4354079976063697
0,0.9037868832875403,0.3746585475318458
0,0.833807191494445,0.31389247502479517
0,0.830247282284076,0.45140431850797047
0,0.7682714132122804,0.5073997528798364
0,0.798064747342014,0.6944187412385929
0,0.8959980886393502,0.3372359111032308
0,0.8361247162824035,0.7450451299043103
0,0.8450364353123879,0.7669812000288121
0,0.14294588460160063,0.16319904254788647
0,0.4665631346314657,0.24426664598097286
0,0.7484171544618325,0.4969941101180747
0,0.8333054593238561,0.5496705987954277
0,0.7571855214430772,0.678976501421218
0,0.873682953052204,0.5895145695621097
0,0.8830486202365309,0.726040148715363
0,0.9187432803727154,0.7055502302206905
0,0.9357304981483694,0.3681591764138764
0,0.7449767052920797,0.5952603904055319
0,0.7190538764783179,0.7173521573147014
0,0.3403416557161628,0.3186575723491376
0,0.9180743041452634,0.5049950409742961
0,0.6900011946004061,0.2983892862881554
0,0.8439612949468402,0.4986009452623297
0,0.667184326842671,0.3398844186858305
0,0.8917930952096523,0.5287152521900055
0,0.8794887110261618,0.5226369826960477
0,0.8674471389320272,0.4843555205868827
0,0.7571616294349539,0.2572653882169117
0,0.5455023294707919,0.6212578748774096
0,0.9121013021144427,0.508247496938702
0,0.39622506271652125,0.3259880650934458
0,0.7422769083741487,0.26302783149286063
0,0.8173455978975033,0.5002908925692185
0,0.8491697527177159,0.5441464103856959
0,0.8567435192927966,0.5975432044725425
0,0.8673276788914108,0.40663456690252053
0,0.8950663003225421,0.8053956415981915
0,0.9094731812208816,0.559721629663285
0,0.8062597061283,0.4912095035987566
0,0.8720105124835742,0.4506618498551078
0,0.7768008601122924,0.5786268762570714
0,0.07638274997013483,0.17599277478266168
0,0.8808266634810655,0.7684883005779066
0,0.7081352287659777,0.242277494888602
0,0.4013379524549038,0.5027066860964433
0,0.8651057221359455,0.39560835332642574
0,0.8017441165929996,0.34039417328331834
0,0.7956516545215625,0.6008289053020018
0,0.5816987217775653,0.6729702624682096
0,0.4633616055429458,0.22353293180924094
0,0.7627523593358021,0.5203486278181949
0,0.924883526460399,0.5395198333324098
0,0.7450961653326962,0.39612918954559806
1,0.8742085772309163,0.36859135965957257
0,0.8536375582367698,0.964333800608381
0,0.6912674710309401,0.5398578227937877
0,0.8830247282284076,0.6104422121133207
0,0.9155656432923187,0.6446733414967947
0,0.7520009556803249,0.4515428387790269
0,0.9107394576514156,0.43078142055308366
0,0.8715087803129853,0.6379911236210307
0,0.9303309043125074,0.423567284836463
0,0.9127941703500179,0.4898520049424032
0,0.833209891291363,0.8020988591470476
0,0.7075379285628957,0.40569262905933656
0,0.31697527177159224,0.21700585663706023
0,0.8897383825110501,0.39636744441181515
0,0.5923545574005494,0.3496750314441015
0,0.8532552861067972,0.46384343884884116
0,0.9339385975391231,0.23492483890092475
0,0.8136423366383945,0.4653339169654087
0,0.622315135587146,0.4790086381241031
0,0.8228885437821049,0.3617318358368564
0,0.8354318480468284,0.32363876129632807
0,0.8329231871938836,0.6888502263421228
0,0.9576155775892964,0.4234952542955136
0,0.8207382630510094,0.5072224469328842
0,0.7995938358619041,0.23898071243745805
0,0.8671126508183012,0.35135389712930587
0,0.8658702663958906,0.5230082170224791
0,0.5447138932027236,0.27038602829138014
0,0.6917453111934058,0.6426121598634743
0,0.5601959144666109,0.42417677402911147
0,0.8697407717118624,0.6316191911524333
0,0.868952335443794,0.34413422060184284
0,0.9139170947318122,0.5064633558474947
0,0.8738024130928204,0.44384111170828744
0,0.8636483096404253,0.26773752070878054
0,0.8722255405566838,0.36767712587059986
0,0.7919961772787002,0.5898913446993833
0,0.7191255525026878,0.27361078020157464
0,0.7756779357304981,0.26209143446051897
0,0.7427547485366144,0.26579269610314776
0,0.7666706486680205,0.4825713794956754
0,0.8134512005734081,0.49755927282398504
0,0.8595866682594672,0.6892159198577119
0,0.8798948751642575,0.811617972174048
0,0.8788436268068331,0.6261781149053353
0,0.7876956158165094,0.46876367887676684
0,0.7994265918050412,0.3352744640650712
0,0.7333651893441644,0.39224508114517476
0,0.7011109783777325,0.4277727602657373
0,0.8181340341655716,0.319760193706747
0,0.8485724525146339,0.7627424797344844
0,0.3741010631943614,0.40581452689786623
0,0.6049934296977659,0.45189190986208916
0,0.850531597180743,0.5139822361604397
0,0.8847927368295305,0.3550219139068812
0,0.8693823915900131,0.5997207431335502
0,0.7843268426711265,0.32494639265510106
0,0.884410464699558,0.3292405210578516
0,0.8170827858081471,0.6789100116911109
0,0.8068092223151355,0.2740041777713751
0,0.7196511766814,0.2724028834379623
0,0.8956636005256242,0.39564159819147926
0,0.8030342850316569,0.7465743936967736
0,0.4046828335921634,0.22203137207098883
0,0.7195078246326603,0.5555826439641177
0,0.9501851630629554,0.2571545720000665
0,0.6353840640305817,0.38991794059142615
0,0.839541273444033,0.4510220025598546
0,0.707490144546649,0.4154887826284499
0,0.6365786644367458,0.6284775514048726
0,0.6522518217656194,0.5900963547005469
0,0.7975152311551785,0.7892885044797455
0,0.7433281567315733,0.47736301730395225
0,0.4738263051009436,0.5428110749727114
0,0.9024728228407597,0.27383795344610734
0,0.8438418349062238,0.40657361798325564
0,0.7797395771114561,0.48992957629419487
0,0.7585234738979811,0.5897251203741155
0,0.7783060566240592,0.2128280852619972
0,0.7315493967267949,0.4694451986103646
0,0.8443435670768128,0.3879398711207398
0,0.8820690479034763,0.45114390039838437
0,0.851630629554414,0.42325145861845426
0,0.8363158523473897,0.23532377728156734
0,0.9061044080754987,0.5777735913873636
0,0.8338310835025684,0.4162367920921547
0,0.6342850316569106,0.568525978091634
0,0.9067972763110739,0.47936879082884987
0,0.7075140365547724,0.373184691847805
0,0.8002867040974794,0.3658320358601278
0,0.9043125074662525,0.7645654065015874
0,0.7476048261856408,0.5398633636046299
0,0.8535419902042767,0.5023077477158008
0,0.8432206426950185,0.3404218773375296
0,0.9101182654402102,0.5344776954659545
0,0.8927487755345836,0.3467550241302312
0,0.5292557639469597,0.5136941139966423
0,0.31793095209652367,0.17931172047717464
0,0.6845777087564209,0.6843178430731554
0,0.816055429458846,0.633198322242477
0,0.6498865129614143,0.39741465766100215
0,0.8950663003225421,0.5339790224901512
0,0.8448930832636483,0.5250029089256921
0,0.7460279536495042,0.5092891693770467
0,0.36621670051367805,0.21286133012705077
0,0.9622984111814598,0.45663484394306264
0,0.4583442838370564,0.17971619966865948
0,0.6875881017799546,0.3945555992663966
0,0.785975391231633,0.3434637824899295
0,0.6318958308445823,0.4836906232858117
0,0.7201290168438657,0.3432476908670815
0,0.636506988412376,0.6283113270796048
0,0.8273085652849121,0.5571506934324769
0,0.9012543304264723,0.5186143540245679
0,0.23808386094851253,0.17964416912771014
0,0.7944570541153984,0.22410917613683584
0,0.3668140007167602,0.4498085649854
0,0.8772667542706964,0.3958022817059048
0,0.8790825468880659,0.32664742158367455
0,0.9093537211802651,0.6563256666980647
0,0.7560387050531596,0.942807750486206
0,0.7833950543543184,0.3463339225062195
0,0.8624298172261379,0.4167853323655384
0,0.7610799187671723,0.4454257836091733
0,0.8296499820809938,0.2404656497431834
0,0.45318361008242736,0.21741033582854508
0,0.7094970732290049,0.5316851268014562
0,0.6232708159120773,0.4641703466885344
0,0.14973121490861285,0.3886878805844447
0,0.8554533508541393,0.3406601322037467
0,0.9784733006809222,0.3401337551737321
0,0.7633496595388842,0.5342449814105796
0,0.835575200095568,0.42346200943046
0,0.8352168199737188,0.3056920749782523
0,0.7777565404372238,0.48070412624183423
0,0.8008362202843149,0.7554729359094409
0,0.7786883287540317,0.45300007203054093
0,0.804563373551547,0.4931598690152317
0,0.893967267948871,0.40809180015403446
0,0.7340341655716163,0.40066711362540797
0,0.809556803249313,0.20658359144277172
0,0.8728228407597658,0.4424669906194073
0,0.899366861784733,0.5749644002903386
0,0.7958666825946721,0.3292903883554319
0,0.9340580575797396,0.5897583652391691
0,0.7458607095926413,0.6229145773192449
0,0.7515231155178592,0.6254910543608952
0,0.7680086011229244,0.47841023055313914
0,0.8914108230796798,0.37342848752486435
0,0.8700991518337116,0.5333806149191872
0,0.8049695376896427,0.5896530898331661
0,0.9307609604587266,0.3846818743454917
0,0.9159001314060446,0.3403276835532112
0,0.8919842312746386,0.4816072784091223
1,0.8886632421455023,0.3454252295280892
1,0.8983156134273085,0.3016971503609838
0,0.8882809700155297,0.4923841554973155
0,0.7166407836578663,0.36815363560303416
0,0.8006450842193286,0.28471456512946103
0,0.2882570780074064,0.20626776522476298
0,0.390801576872536,0.15735348710930358
0,0.890670170827858,0.32459178076119655
0,0.7663361605542945,0.41951141129992964
0,0.5589057460279536,0.268347009901429
0,0.920821885079441,0.7192748186769652
0,0.38341894636244167,0.18701898835875636
0,0.7992832397563014,0.5895201103729519
0,0.8624537092342611,0.5231689005369046
0,0.9169274877553458,0.4149901096526466
0,0.8572452514633855,0.4414585630461162
0,0.7900131406044677,0.6939200682627896
0,0.8334249193644725,0.22816504967336915
0,0.765619400310596,0.3793737775586079
0,0.7468163899175726,0.660896835642928
0,0.7758690717954844,0.29034956975603804
0,0.8751642575558476,0.6892824095878191
0,0.8427428025325528,0.6502806420691604
0,0.7944570541153984,0.22410917613683584
1,0.867256002867041,0.3403166019315266
0,0.7845179787361127,0.3600252660974407
0,0.7982080993907538,0.4602363709905307
0,0.8085533389081352,0.45497260069038503
0,0.8121371401266276,0.465854753184581
0,0.6238681161151594,0.7837199895832756
0,0.9015410345239517,0.6415538649926031
0,0.8898100585354198,0.3679209215476592
0,0.4456576275235933,0.2128945749921043
0,0.8388484052084577,0.5946398195911989
0,0.793238561701111,0.8618731265133339
0,0.8552383227810297,0.6040924428880922
0,0.8229602198064747,0.34213952869862974
0,0.8802054712698602,0.6729203951706292
0,0.8171066778162704,0.8001207896763612
0,0.9017799546051846,0.4899406579158794
0,0.8791064388961892,0.3682810742524061
0,0.7496595388842431,0.5233628289163836
0,0.5972763110739457,0.44507671252611114
0,0.7740771711862382,0.2751622072374071
0,,
0,0.7097121013021144,0.39807955496207315
0,0.800430056146219,0.26854647909175033
0,0.6479034762871818,0.45370929581835007
0,0.7472225540556683,0.7577225051113979
0,0.7730259228288137,0.8111026767657179
0,0.8782941106199975,0.4954759279472958
0,0.753792856289571,0.27469123831581516
0,0.7770158881854019,0.4245147634904891
0,0.8022219567554653,0.7779797095506956
0,0.75276549994027,0.505848325844004
0,0.8419065822482379,0.48988524980745685
0,0.9013737904670888,0.3446273527668039
0,0.40652251821765606,0.44615717064035154
0,0.7815553697288257,0.1917785448722566
0,0.8696690956874925,0.3794181040453459
0,0.8744952813283956,0.38380088542157254
0,0.8594433162107274,0.45810869962710343
0,0.8527774459443316,0.49516010172928704
0,0.5928562895711383,0.47061430969808127
0,0.9289929518576037,0.5064522742258102
0,0.8857245251463385,0.5117049629042714
0,0.8214072392784613,0.47139002321599743
0,0.8249193644725838,0.5548401753112551
0,0.7250746625253852,0.41234714288088914
0,0.7816509377613188,0.48962483169787063
0,0.4216700513678173,0.3684472985776738
0,0.9079679847091148,0.3963286587359194
0,0.7926412614980288,0.5187694967281512
0,0.8191613905148727,0.4185528510242189
0,0.8250149325050771,0.596224491492085
0,0.7800979572333054,0.5720499337873104
0,0.5576394695974196,0.47458153026113836
0,0.4440090789630867,0.6977266053114213
0,0.8282403536017202,0.98800414452651
0,0.996535658822124,0.448717025249475
0,0.7944092700991517,0.5783055092282204
0,0.8657746983633974,0.5972717047412718
0,0.7848763588579619,0.47757910892680033
0,0.6077649026400669,0.36231916178613577
0,0.5471747700394217,0.6114672621191386
0,0.909258153147772,0.5366995606137003
0,0.7747700394218133,0.5390433235999756
0,0.715685103332935,0.4177438926412491
0,0.8989606976466372,0.7661112927265776
0,0.7482021263887229,0.7612686240504436
0,0.9458846016007645,0.3683364823608286
0,0.7015649265320749,0.2792901113148898
0,0.8455142754748537,0.6996825115387386
0,0.650866085294469,0.29019996786329705
0,0.8582487158045633,0.33434360784357187
0,0.7117429219925935,0.49699965092891696
0,0.6909090909090909,0.6580931853567451
0,0.9050770517261976,0.39561943494811036
0,0.5692509855453349,0.8047196626754359
0,0.8953052204037749,0.5345053995201657
0,0.7863337713534821,0.5011275550063997
0,0.8548799426591804,0.7891444433978467
0,0.9034046111575678,0.5063026723330692
0,0.8760004778401624,0.5891211719923093
0,0.8479751523115517,0.4345657943583464
0,0.7644009078963087,0.3894026451830961
0,0.7191016604945646,0.3471927481867696
0,0.8909568749253375,0.5031998182614044
0,0.8807310954485724,0.5191850575413206
0,0.693632779835145,0.5214290859324354
0,0.8788436268068331,0.6261781149053353
0,0.660088400430056,0.22085672017242997
0,0.7876956158165094,0.36808160506208476
0,0.6935849958188985,0.5617107807556557
0,0.6683789272488352,0.8118174413643693
0,0.6382272129972524,0.7435103253010046
0,0.8066897622745192,0.39058283789249715
0,0.8333054593238561,0.47918040326021316
0,0.8605423485843985,0.5230802475634284
0,0.8397563015171425,0.37855927836479586
0,0.5905865487994265,0.18737360025266098
0,0.9040258033687731,0.2959679519500884
0,0.8474256361247162,0.5674399791665513
0,0.8731095448572452,0.5614891483219654
0,0.7225660016724404,0.42433191673269466
0,0.8947557042169394,0.38553515921519954
0,0.7268904551427546,0.6939200682627896
0,0.7848763588579619,0.47757910892680033
0,0.8963803607693226,0.20735376414984563
0,0.9225421096643173,0.50117742230398
0,0.7376657508063552,0.4178048415605139
0,0.9098076693346075,0.3574931155425285
0,0.8466849838728945,0.3675275239778589
0,0.833209891291363,0.4352805589569978
0,0.7937402938716999,0.5996210085383895
0,0.8270696452036793,0.5231245740501665
0,0.8644367459084936,0.523240931077854
0,0.7249074184685222,0.534145246815419
0,0.8953768964281448,0.7739127543924778
0,0.7829649982080993,0.4886441081787909
0,0.9234738979811253,0.42353958078225173
0,0.9571377374268307,0.5508951179915669
0,0.44161987815075854,0.1892076086414486
0,0.5942181340341655,0.47667595675951213
0,0.7921395293274399,0.6072894907440755
0,0.8444869191255524,0.7964860177638395
0,0.8770278341894636,0.65614281994027
0,0.8942300800382272,0.39571362873242866
0,0.8122804921753672,0.49492184686306995
0,0.8339505435431848,0.6187423467550242
